Crash Year,Crash Month,Crash Day,Time of Day,City or Township,Crash: Intersection,Crash: Hit-and-Run,Lighting Conditions,Highway Class,Highway Number,Speed Limit at Crash Site,Weather Conditions (2016+),Worst Injury in Crash,Traffic Control,Trafficway,Crash Type
2010,February,25,11:00 AM - 12:00 noon,Wayne County: Detroit,Not intersection crash,Hit-and-run,Daylight,"County road, city street, or unknown",Local road or unknown,30,Uncoded & errors,Suspected minor injury (B),Signal,Not physically divided (two-way trafficway),Single motor vehicle
2010,April,14,3:00 PM - 4:00 PM,Wayne County: Detroit,Intersection crash,Not hit-and-run,Daylight,"County road, city street, or unknown",Local road or unknown,30,Uncoded & errors,Suspected minor injury (B),None,Not physically divided (two-way trafficway),Single motor vehicle
2010,September,7,2:00 PM - 3:00 PM,Wayne County: Dearborn,Not intersection crash,Not hit-and-run,Daylight,"County road, city street, or unknown",Local road or unknown,25,Uncoded & errors,Suspected minor injury (B),None,Not physically divided (two-way trafficway),Single motor vehicle
2010,August,18,2:00 PM - 3:00 PM,Wayne County: Romulus,Intersection crash,Not hit-and-run,Daylight,"County road, city street, or unknown",Local road or unknown,35,Uncoded & errors,Possible injury (C),None,Not physically divided (two-way trafficway),Single motor vehicle
2010,February,7,4:00 PM - 5:00 PM,Wayne County: Dearborn,Intersection crash,Not hit-and-run,Daylight,U.S. route,M-24\US-24\US-24BR,45,Uncoded & errors,Suspected minor injury (B),Signal,"Divided highway, median strip, without traffic barrier",Other / unknown
2010,February,7,8:00 PM - 9:00 PM,Wayne County: Detroit,Not intersection crash,Hit-and-run,Dark lighted,"County road, city street, or unknown",Local road or unknown,25,Uncoded & errors,Suspected minor injury (B),None,Uncoded & errors,Single motor vehicle
2010,August,21,10:00 PM - 11:00 PM,Wayne County: Detroit,Not intersection crash,Not hit-and-run,Dark lighted,Michigan route,M-5,35,Uncoded & errors,Suspected minor injury (B),None,Uncoded & errors,Single motor vehicle
2010,January,26,6:00 PM - 7:00 PM,Wayne County: Plymouth Twp.,Not intersection crash,Not hit-and-run,Dark lighted,"County road, city street, or unknown",Local road or unknown,35,Uncoded & errors,Suspected serious injury (A),None,Not physically divided (two-way trafficway),Single motor vehicle
2010,April,2,3:00 PM - 4:00 PM,Wayne County: Detroit,Not intersection crash,Not hit-and-run,Daylight,"County road, city street, or unknown",Local road or unknown,25,Uncoded & errors,Suspected minor injury (B),None,Uncoded & errors,Single motor vehicle
2010,August,13,7:00 PM - 8:00 PM,Wayne County: Detroit,Not intersection crash,Hit-and-run,Daylight,"County road, city street, or unknown",Local road or unknown,Uncoded & errors,Uncoded & errors,Suspected serious injury (A),None,Not physically divided (two-way trafficway),Single motor vehicle
2010,August,16,6:00 PM - 7:00 PM,Wayne County: Detroit,Not intersection crash,Not hit-and-run,Daylight,"County road, city street, or unknown",Local road or unknown,25,Uncoded & errors,No injury (O),Stop sign,Uncoded & errors,Head-on
2010,February,4,6:00 AM - 7:00 AM,Wayne County: Detroit,Intersection crash,Hit-and-run,Dark unlighted,"County road, city street, or unknown",Local road or unknown,35,Uncoded & errors,Suspected minor injury (B),Signal,Uncoded & errors,Single motor vehicle
2010,June,4,10:00 PM - 11:00 PM,Wayne County: Detroit,Not intersection crash,Not hit-and-run,Dark lighted,Michigan route,M-53,Uncoded & errors,Uncoded & errors,Possible injury (C),Signal,Not physically divided (two-way trafficway),Other / unknown
2010,June,11,3:00 PM - 4:00 PM,Wayne County: Detroit,Not intersection crash,Not hit-and-run,Daylight,Michigan route,M-1,30,Uncoded & errors,Suspected serious injury (A),Signal,Not physically divided (two-way trafficway),Angle
2010,November,12,2:00 PM - 3:00 PM,Wayne County: Melvindale,Not intersection crash,Not hit-and-run,Daylight,"County road, city street, or unknown",Local road or unknown,25,Uncoded & errors,Suspected serious injury (A),None,Not physically divided (two-way trafficway),Single motor vehicle
2010,May,26,2:00 PM - 3:00 PM,Wayne County: Hamtramck,Not intersection crash,Hit-and-run,Daylight,"County road, city street, or unknown",Local road or unknown,25,Uncoded & errors,No injury (O),Stop sign,Uncoded & errors,Single motor vehicle
2010,March,6,6:00 PM - 7:00 PM,Wayne County: Detroit,Not intersection crash,Not hit-and-run,Dark lighted,"County road, city street, or unknown",Local road or unknown,35,Uncoded & errors,Fatal injury (K),Signal,Not physically divided (two-way trafficway),Single motor vehicle
2010,October,27,8:00 PM - 9:00 PM,Wayne County: Detroit,Not intersection crash,Not hit-and-run,Dark lighted,"County road, city street, or unknown",Local road or unknown,25,Uncoded & errors,Suspected serious injury (A),None,Not physically divided (two-way trafficway),Single motor vehicle
2010,November,15,5:00 PM - 6:00 PM,Wayne County: Detroit,Not intersection crash,Hit-and-run,Dawn,"County road, city street, or unknown",Local road or unknown,30,Uncoded & errors,Possible injury (C),None,Uncoded & errors,Other / unknown
2010,January,25,4:00 PM - 5:00 PM,Wayne County: Detroit,Not intersection crash,Not hit-and-run,Daylight,"County road, city street, or unknown",Local road or unknown,25,Uncoded & errors,Possible injury (C),Uncoded & errors,Not physically divided (two-way trafficway),Single motor vehicle
2010,September,1,12:00 noon - 1:00 PM,Wayne County: Hamtramck,Not intersection crash,Not hit-and-run,Daylight,"County road, city street, or unknown",Local road or unknown,25,Uncoded & errors,Possible injury (C),None,One-way trafficway,Single motor vehicle
2010,March,31,8:00 PM - 9:00 PM,Wayne County: Detroit,Intersection crash,Hit-and-run,Dark lighted,"County road, city street, or unknown",Local road or unknown,25,Uncoded & errors,Possible injury (C),Signal,Not physically divided (two-way trafficway),Single motor vehicle
2010,February,11,6:00 PM - 7:00 PM,Wayne County: Livonia,Intersection crash,Hit-and-run,Daylight,"County road, city street, or unknown",Local road or unknown,25,Uncoded & errors,Suspected minor injury (B),Yield sign,Not physically divided (two-way trafficway),Single motor vehicle
2010,June,25,1:00 AM - 2:00 AM,Wayne County: Detroit,Not intersection crash,Hit-and-run,Dark lighted,"County road, city street, or unknown",Local road or unknown,25,Uncoded & errors,No injury (O),Uncoded & errors,Not physically divided (two-way trafficway),Head-on
2010,April,14,4:00 PM - 5:00 PM,Wayne County: Detroit,Not intersection crash,Hit-and-run,Daylight,Michigan route,M-1,25,Uncoded & errors,Possible injury (C),None,Not physically divided (two-way trafficway),Single motor vehicle
2010,May,20,8:00 PM - 9:00 PM,Wayne County: Westland,Intersection crash,Not hit-and-run,Daylight,U.S. route,M-12\US-12\US-12BL\US-12BR,45,Uncoded & errors,Suspected minor injury (B),Signal,Not physically divided (two-way trafficway),Single motor vehicle
2010,July,20,12:00 noon - 1:00 PM,Wayne County: Westland,Not intersection crash,Not hit-and-run,Daylight,"County road, city street, or unknown",Local road or unknown,45,Uncoded & errors,Suspected minor injury (B),None,Not physically divided (two-way trafficway),Single motor vehicle
2010,December,24,6:00 PM - 7:00 PM,Wayne County: Detroit,Not intersection crash,Not hit-and-run,Dark unlighted,Michigan route,M-1,35,Uncoded & errors,Suspected serious injury (A),None,One-way trafficway,Single motor vehicle
2010,February,23,7:00 PM - 8:00 PM,Wayne County: Detroit,Not intersection crash,Hit-and-run,Daylight,"County road, city street, or unknown",Local road or unknown,Uncoded & errors,Uncoded & errors,No injury (O),Signal,Uncoded & errors,Single motor vehicle
2010,March,4,2:00 PM - 3:00 PM,Wayne County: Detroit,Not intersection crash,Not hit-and-run,Daylight,Interstate route,M-94\I-94\I-94BL\I-94BR,55,Uncoded & errors,Suspected serious injury (A),None,"Divided highway, median strip, with traffic barrier",Rear-end
2010,November,30,6:00 PM - 7:00 PM,Wayne County: Detroit,Not intersection crash,Hit-and-run,Dark lighted,"County road, city street, or unknown",Local road or unknown,25,Uncoded & errors,Suspected minor injury (B),None,Not physically divided (two-way trafficway),Single motor vehicle
2010,October,19,4:00 PM - 5:00 PM,Wayne County: Detroit,Not intersection crash,Not hit-and-run,Daylight,"County road, city street, or unknown",Local road or unknown,Uncoded & errors,Uncoded & errors,Possible injury (C),None,Uncoded & errors,Single motor vehicle
2010,September,13,12:00 midnight - 1:00 AM,Wayne County: Garden City,Intersection crash,Hit-and-run,Dark lighted,"County road, city street, or unknown",Local road or unknown,25,Uncoded & errors,Suspected minor injury (B),Stop sign,Not physically divided (two-way trafficway),Other / unknown
2010,July,28,8:00 PM - 9:00 PM,Wayne County: Dearborn,Not intersection crash,Not hit-and-run,Dark lighted,"County road, city street, or unknown",Local road or unknown,25,Uncoded & errors,Possible injury (C),None,Not physically divided (two-way trafficway),Single motor vehicle
2010,March,11,7:00 PM - 8:00 PM,Wayne County: Livonia,Not intersection crash,Not hit-and-run,Dark lighted,"County road, city street, or unknown",Local road or unknown,40,Uncoded & errors,Suspected minor injury (B),None,Not physically divided (two-way trafficway),Single motor vehicle
2010,November,10,1:00 PM - 2:00 PM,Wayne County: Detroit,Not intersection crash,Not hit-and-run,Daylight,Michigan route,M-5,35,Uncoded & errors,No injury (O),None,Uncoded & errors,Other / unknown
2010,January,23,3:00 AM - 4:00 AM,Wayne County: Detroit,Intersection crash,Hit-and-run,Dark lighted,"County road, city street, or unknown",Local road or unknown,25,Uncoded & errors,Possible injury (C),None,Uncoded & errors,Other / unknown
2010,January,30,2:00 AM - 3:00 AM,Wayne County: Melvindale,Not intersection crash,Hit-and-run,Dark lighted,"County road, city street, or unknown",Local road or unknown,25,Uncoded & errors,Suspected minor injury (B),None,Not physically divided (two-way trafficway),Other / unknown
2010,January,20,11:00 AM - 12:00 noon,Wayne County: Detroit,Not intersection crash,Hit-and-run,Daylight,"County road, city street, or unknown",Local road or unknown,30,Uncoded & errors,Suspected minor injury (B),None,Not physically divided (two-way trafficway),Single motor vehicle
2010,December,28,7:00 AM - 8:00 AM,Wayne County: Detroit,Intersection crash,Not hit-and-run,Uncoded & errors,"County road, city street, or unknown",Local road or unknown,Uncoded & errors,Uncoded & errors,No injury (O),None,Uncoded & errors,Single motor vehicle
2010,March,1,9:00 AM - 10:00 AM,Wayne County: Detroit,Intersection crash,Not hit-and-run,Daylight,"County road, city street, or unknown",Local road or unknown,25,Uncoded & errors,Suspected minor injury (B),Signal,One-way trafficway,Single motor vehicle
2010,February,2,4:00 PM - 5:00 PM,Wayne County: Detroit,Intersection crash,Hit-and-run,Daylight,"County road, city street, or unknown",Local road or unknown,30,Uncoded & errors,Suspected minor injury (B),None,Not physically divided (two-way trafficway),Single motor vehicle
2010,October,26,4:00 AM - 5:00 AM,Wayne County: Detroit,Not intersection crash,Not hit-and-run,Dark unlighted,"County road, city street, or unknown",Local road or unknown,25,Uncoded & errors,Suspected serious injury (A),None,Uncoded & errors,Single motor vehicle
2010,June,11,9:00 PM - 10:00 PM,Wayne County: Detroit,Not intersection crash,Not hit-and-run,Dark lighted,"County road, city street, or unknown",Local road or unknown,30,Uncoded & errors,Suspected minor injury (B),None,Not physically divided (two-way trafficway),Single motor vehicle
2010,July,5,7:00 PM - 8:00 PM,Wayne County: Detroit,Not intersection crash,Hit-and-run,Daylight,"County road, city street, or unknown",Local road or unknown,25,Uncoded & errors,Suspected minor injury (B),Stop sign,Uncoded & errors,Single motor vehicle
2010,November,12,5:00 PM - 6:00 PM,Wayne County: Detroit,Not intersection crash,Not hit-and-run,Daylight,"County road, city street, or unknown",Local road or unknown,25,Uncoded & errors,No injury (O),Signal,"Divided highway, median strip, without traffic barrier",Other / unknown
2010,April,24,10:00 AM - 11:00 AM,Wayne County: Detroit,Not intersection crash,Hit-and-run,Daylight,"County road, city street, or unknown",Local road or unknown,25,Uncoded & errors,Possible injury (C),None,Uncoded & errors,Single motor vehicle
2010,December,14,9:00 AM - 10:00 AM,Wayne County: Detroit,Intersection crash,Not hit-and-run,Daylight,"County road, city street, or unknown",Local road or unknown,35,Uncoded & errors,Suspected minor injury (B),Signal,Not physically divided (two-way trafficway),Rear-end
2010,February,18,9:00 AM - 10:00 AM,Wayne County: Detroit,Not intersection crash,Not hit-and-run,Daylight,"County road, city street, or unknown",Local road or unknown,25,Uncoded & errors,Possible injury (C),None,One-way trafficway,Other / unknown
2010,October,9,4:00 PM - 5:00 PM,Wayne County: Detroit,Not intersection crash,Hit-and-run,Daylight,"County road, city street, or unknown",Local road or unknown,35,Uncoded & errors,No injury (O),Uncoded & errors,Not physically divided (two-way trafficway),Single motor vehicle
2010,January,4,5:00 PM - 6:00 PM,Wayne County: Westland,Intersection crash,Not hit-and-run,Dark unlighted,"County road, city street, or unknown",Local road or unknown,35,Uncoded & errors,Possible injury (C),Signal,Not physically divided (two-way trafficway),Single motor vehicle
2010,October,5,4:00 PM - 5:00 PM,Wayne County: Detroit,Intersection crash,Not hit-and-run,Daylight,"County road, city street, or unknown",Local road or unknown,30,Uncoded & errors,Possible injury (C),Signal,Not physically divided (two-way trafficway),Single motor vehicle
2010,October,4,3:00 PM - 4:00 PM,Wayne County: Detroit,Not intersection crash,Not hit-and-run,Daylight,"County road, city street, or unknown",Local road or unknown,35,Uncoded & errors,Suspected minor injury (B),None,Uncoded & errors,Single motor vehicle
2010,November,10,6:00 PM - 7:00 PM,Wayne County: Detroit,Intersection crash,Not hit-and-run,Dark lighted,Michigan route,M-96\I-96\I-96BS,30,Uncoded & errors,Suspected minor injury (B),Signal,Not physically divided (two-way trafficway),Single motor vehicle
2010,November,5,7:00 PM - 8:00 PM,Wayne County: Detroit,Intersection crash,Hit-and-run,Dark unlighted,"County road, city street, or unknown",Local road or unknown,25,Uncoded & errors,Possible injury (C),Yield sign,Not physically divided (two-way trafficway),Other / unknown
2010,October,10,2:00 AM - 3:00 AM,Wayne County: Detroit,Not intersection crash,Hit-and-run,Dark lighted,"County road, city street, or unknown",Local road or unknown,25,Uncoded & errors,Suspected serious injury (A),None,Uncoded & errors,Single motor vehicle
2010,October,18,8:00 AM - 9:00 AM,Wayne County: Allen Park,Not intersection crash,Not hit-and-run,Daylight,"County road, city street, or unknown",Local road or unknown,25,Uncoded & errors,Possible injury (C),Signal,Not physically divided (two-way trafficway),Single motor vehicle
2010,September,14,4:00 PM - 5:00 PM,Wayne County: Dearborn Heights,Intersection crash,Not hit-and-run,Daylight,"County road, city street, or unknown",Local road or unknown,40,Uncoded & errors,Suspected minor injury (B),Signal,Not physically divided (two-way trafficway),Other / unknown
2010,October,8,3:00 PM - 4:00 PM,Wayne County: Detroit,Not intersection crash,Not hit-and-run,Daylight,"County road, city street, or unknown",Local road or unknown,35,Uncoded & errors,No injury (O),None,Not physically divided (two-way trafficway),Single motor vehicle
2010,December,12,4:00 PM - 5:00 PM,Wayne County: Detroit,Not intersection crash,Not hit-and-run,Dark lighted,Michigan route,M-102\US-102,40,Uncoded & errors,Suspected minor injury (B),None,"Divided highway, median strip, without traffic barrier",Single motor vehicle
2010,January,20,11:00 AM - 12:00 noon,Wayne County: Redford Twp.,Not intersection crash,Not hit-and-run,Daylight,"County road, city street, or unknown",Local road or unknown,40,Uncoded & errors,Possible injury (C),None,Not physically divided (two-way trafficway),Other / unknown
2010,December,3,12:00 noon - 1:00 PM,Wayne County: Detroit,Not intersection crash,Not hit-and-run,Daylight,"County road, city street, or unknown",Local road or unknown,25,Uncoded & errors,Suspected minor injury (B),None,Not physically divided (two-way trafficway),Single motor vehicle
2010,October,2,8:00 PM - 9:00 PM,Wayne County: Detroit,Intersection crash,Not hit-and-run,Dark unlighted,Michigan route,M-53,30,Uncoded & errors,Possible injury (C),Uncoded & errors,Not physically divided (two-way trafficway),Single motor vehicle
2010,May,16,11:00 AM - 12:00 noon,Wayne County: Detroit,Intersection crash,Not hit-and-run,Dark lighted,"County road, city street, or unknown",Local road or unknown,35,Uncoded & errors,Possible injury (C),Signal,"Divided highway, median strip, without traffic barrier",Single motor vehicle
2010,November,8,6:00 PM - 7:00 PM,Wayne County: Grosse Pointe Farms,Intersection crash,Not hit-and-run,Dark lighted,"County road, city street, or unknown",Local road or unknown,30,Uncoded & errors,Suspected serious injury (A),Signal,"Divided highway, median strip, without traffic barrier",Single motor vehicle
2010,October,25,3:00 PM - 4:00 PM,Wayne County: Southgate,Intersection crash,Not hit-and-run,Daylight,"County road, city street, or unknown",Local road or unknown,40,Uncoded & errors,Possible injury (C),None,Not physically divided (two-way trafficway),Single motor vehicle
2010,June,21,2:00 PM - 3:00 PM,Wayne County: Harper Woods,Intersection crash,Not hit-and-run,Daylight,Michigan route,M-102\US-102,25,Uncoded & errors,Possible injury (C),Stop sign,Not physically divided (two-way trafficway),Single motor vehicle
2010,March,5,11:00 AM - 12:00 noon,Wayne County: Detroit,Not intersection crash,Hit-and-run,Dark lighted,"County road, city street, or unknown",Local road or unknown,Uncoded & errors,Uncoded & errors,Possible injury (C),None,Uncoded & errors,Other / unknown
2010,July,30,12:00 midnight - 1:00 AM,Wayne County: Detroit,Not intersection crash,Hit-and-run,Dark unlighted,Michigan route,M-5,45,Uncoded & errors,Suspected serious injury (A),None,Uncoded & errors,Single motor vehicle
2010,May,4,1:00 PM - 2:00 PM,Wayne County: Detroit,Intersection crash,Hit-and-run,Daylight,"County road, city street, or unknown",Local road or unknown,30,Uncoded & errors,Suspected minor injury (B),Signal,Uncoded & errors,Single motor vehicle
2010,May,4,11:00 PM - 12:00 midnight,Wayne County: Detroit,Intersection crash,Hit-and-run,Dark lighted,"County road, city street, or unknown",Local road or unknown,25,Uncoded & errors,Suspected minor injury (B),None,Not physically divided (two-way trafficway),Single motor vehicle
2010,April,25,8:00 PM - 9:00 PM,Wayne County: Detroit,Not intersection crash,Not hit-and-run,Dark lighted,Interstate route,M-94\I-94\I-94BL\I-94BR,55,Uncoded & errors,Fatal injury (K),None,"Divided highway, median strip, with traffic barrier",Single motor vehicle
2010,April,9,8:00 PM - 9:00 PM,Wayne County: Detroit,Intersection crash,Not hit-and-run,Dusk,"County road, city street, or unknown",Local road or unknown,35,Uncoded & errors,Suspected minor injury (B),Stop sign,Not physically divided (two-way trafficway),Sideswipe same direction
2010,May,3,9:00 PM - 10:00 PM,Wayne County: Detroit,Not intersection crash,Not hit-and-run,Dark unlighted,"County road, city street, or unknown",Local road or unknown,25,Uncoded & errors,Possible injury (C),None,Not physically divided (two-way trafficway),Single motor vehicle
2010,July,5,12:00 noon - 1:00 PM,Wayne County: Detroit,Not intersection crash,Hit-and-run,Dark unlighted,"County road, city street, or unknown",Local road or unknown,35,Uncoded & errors,No injury (O),None,Not physically divided (two-way trafficway),Single motor vehicle
2010,June,25,9:00 PM - 10:00 PM,Wayne County: Detroit,Not intersection crash,Not hit-and-run,Dusk,"County road, city street, or unknown",Local road or unknown,Uncoded & errors,Uncoded & errors,Suspected serious injury (A),None,Not physically divided (two-way trafficway),Single motor vehicle
2010,January,20,7:00 PM - 8:00 PM,Wayne County: Detroit,Not intersection crash,Not hit-and-run,Dark lighted,"County road, city street, or unknown",Local road or unknown,Uncoded & errors,Uncoded & errors,No injury (O),None,Uncoded & errors,Other / unknown
2010,June,20,8:00 PM - 9:00 PM,Wayne County: Grosse Pointe Park,Not intersection crash,Not hit-and-run,Daylight,"County road, city street, or unknown",Local road or unknown,15,Uncoded & errors,Suspected minor injury (B),None,Not physically divided (two-way trafficway),Single motor vehicle
2010,January,25,6:00 AM - 7:00 AM,Wayne County: Detroit,Not intersection crash,Not hit-and-run,Dark lighted,"County road, city street, or unknown",Local road or unknown,Uncoded & errors,Uncoded & errors,Possible injury (C),Signal,Uncoded & errors,Single motor vehicle
2010,November,21,6:00 PM - 7:00 PM,Wayne County: Detroit,Intersection crash,Not hit-and-run,Dark lighted,"County road, city street, or unknown",Local road or unknown,30,Uncoded & errors,No injury (O),Signal,Not physically divided (two-way trafficway),Single motor vehicle
2010,December,29,8:00 PM - 9:00 PM,Wayne County: Livonia,Intersection crash,Not hit-and-run,Dark lighted,"County road, city street, or unknown",Local road or unknown,45,Uncoded & errors,Fatal injury (K),Signal,Not physically divided (two-way trafficway),Single motor vehicle
2010,February,9,3:00 PM - 4:00 PM,Wayne County: Detroit,Not intersection crash,Not hit-and-run,Daylight,"County road, city street, or unknown",Local road or unknown,25,Uncoded & errors,Suspected minor injury (B),None,Not physically divided (two-way trafficway),Single motor vehicle
2010,July,19,2:00 AM - 3:00 AM,Wayne County: Detroit,Intersection crash,Not hit-and-run,Daylight,"County road, city street, or unknown",Local road or unknown,25,Uncoded & errors,Suspected serious injury (A),None,Not physically divided (two-way trafficway),Single motor vehicle
2010,May,20,3:00 PM - 4:00 PM,Wayne County: Detroit,Not intersection crash,Not hit-and-run,Daylight,"County road, city street, or unknown",Local road or unknown,Uncoded & errors,Uncoded & errors,Suspected minor injury (B),None,Uncoded & errors,Single motor vehicle
2010,July,25,10:00 AM - 11:00 AM,Wayne County: Detroit,Not intersection crash,Not hit-and-run,Daylight,"County road, city street, or unknown",Local road or unknown,25,Uncoded & errors,Possible injury (C),None,Uncoded & errors,Head-on
2010,June,19,1:00 AM - 2:00 AM,Wayne County: Inkster,Not intersection crash,Hit-and-run,Dark lighted,"County road, city street, or unknown",Local road or unknown,25,Uncoded & errors,Suspected minor injury (B),None,Uncoded & errors,Other / unknown
2010,October,2,9:00 PM - 10:00 PM,Wayne County: Detroit,Not intersection crash,Not hit-and-run,Dark lighted,Interstate route,M-94\I-94\I-94BL\I-94BR,55,Uncoded & errors,Suspected minor injury (B),None,"Divided highway, median strip, with traffic barrier",Other / unknown
2010,March,3,7:00 PM - 8:00 PM,Wayne County: Detroit,Intersection crash,Not hit-and-run,Dark lighted,"County road, city street, or unknown",Local road or unknown,30,Uncoded & errors,No injury (O),Stop sign,Not physically divided (two-way trafficway),Single motor vehicle
2010,February,21,1:00 PM - 2:00 PM,Wayne County: Detroit,Not intersection crash,Not hit-and-run,Daylight,"County road, city street, or unknown",Local road or unknown,Uncoded & errors,Uncoded & errors,Suspected serious injury (A),None,Uncoded & errors,Single motor vehicle
2010,January,14,10:00 AM - 11:00 AM,Wayne County: Detroit,Intersection crash,Hit-and-run,Daylight,"County road, city street, or unknown",Local road or unknown,25,Uncoded & errors,Possible injury (C),Stop sign,Uncoded & errors,Single motor vehicle
2010,June,15,3:00 PM - 4:00 PM,Wayne County: Dearborn Heights,Not intersection crash,Not hit-and-run,Daylight,"County road, city street, or unknown",Local road or unknown,25,Uncoded & errors,Suspected minor injury (B),None,Not physically divided (two-way trafficway),Single motor vehicle
2010,September,1,1:00 PM - 2:00 PM,Wayne County: Inkster,Not intersection crash,Not hit-and-run,Daylight,"County road, city street, or unknown",Local road or unknown,25,Uncoded & errors,Suspected serious injury (A),None,Not physically divided (two-way trafficway),Single motor vehicle
2010,November,8,11:00 AM - 12:00 noon,Wayne County: Detroit,Intersection crash,Not hit-and-run,Daylight,"County road, city street, or unknown",Local road or unknown,30,Uncoded & errors,Possible injury (C),Signal,Not physically divided (two-way trafficway),Angle
2010,August,8,8:00 PM - 9:00 PM,Wayne County: Westland,Not intersection crash,Not hit-and-run,Dusk,"County road, city street, or unknown",Local road or unknown,25,Uncoded & errors,Suspected minor injury (B),None,Not physically divided (two-way trafficway),Single motor vehicle
2010,September,29,9:00 AM - 10:00 AM,Wayne County: Detroit,Intersection crash,Hit-and-run,Daylight,Michigan route,M-5,35,Uncoded & errors,Suspected minor injury (B),Signal,Not physically divided (two-way trafficway),Single motor vehicle
2010,May,5,11:00 AM - 12:00 noon,Wayne County: Harper Woods,Not intersection crash,Hit-and-run,Daylight,Michigan route,M-102\US-102,25,Uncoded & errors,Suspected minor injury (B),Signal,"Divided highway, median strip, without traffic barrier",Other / unknown
2010,April,8,11:00 AM - 12:00 noon,Wayne County: Highland Park,Not intersection crash,Not hit-and-run,Daylight,Michigan route,M-1,30,Uncoded & errors,Possible injury (C),None,Not physically divided (two-way trafficway),Single motor vehicle
2010,June,7,3:00 PM - 4:00 PM,Wayne County: Detroit,Intersection crash,Hit-and-run,Daylight,Michigan route,M-8\US-8,25,Uncoded & errors,No injury (O),None,Uncoded & errors,Single motor vehicle
2010,September,28,10:00 AM - 11:00 AM,Wayne County: Detroit,Not intersection crash,Not hit-and-run,Daylight,"County road, city street, or unknown",Local road or unknown,30,Uncoded & errors,Possible injury (C),Signal,"Divided highway, median strip, without traffic barrier",Single motor vehicle